Оглавление;-1
I. Общие положения;1
II. Цели, задачи, приоритеты и направления социально-экономического развития Республики Алтай;3
2.1. Тенденции развития Республики Алтай;-1
2.2. Цели и задачи социально-экономического развития Республики Алтай на период до 2035 года;3
2.3. Приоритеты и направления социально-экономического развития Республики Алтай;3
2.4. Показатели достижения цели и ожидаемые результаты реализации Стратегии;16
III. Сценарии развития Республики Алтай;4
Инерционный сценарий;4
Интенсивный сценарий;4
Инновационный сценарий;4
IV. Основные направления развития человеческого капитала и социальной сферы;5
4.1. Демографическая и миграционная политика;-1
4.2. Социальная поддержка и социальное обслуживание;-1
4.3. Развитие системы образования;-1
4.4. Баланс на рынке труда;-1
4.5. Здравоохранение;-1
4.6. Культурная политика;-1
4.7. Физическая культура и спорт;-1
4.8. Молодежная политика;-1
4.9. Политика в сфере общественной безопасности, гражданской обороны, защиты населения и территорий от чрезвычайных ситуаций, обеспечения пожарной безопасности и безопасности людей на водных объектах;-1
V. Основные направления экономического развития;-1
5.1. Повышение конкурентоспособности сельского хозяйства и пищевой промышленности Республики Алтай;-1
5.2. Формирование и развитие туристической отрасли Республики Алтай;-1
5.3. Развитие малого и среднего предпринимательства;-1
5.4. Развитие и модернизация инфраструктуры;-1
5.5. Основные направления развития информационной и коммуникационной инфраструктуры Республики Алтай;-1
5.6. Управление региональными финансами и эффективность бюджетных расходов;-1
VI. Основные направления научно-инновационной сферы;7
VII. Основные направления рационального природопользования и обеспечения экологической безопасности;8
VIII. Основные направления развития межрегиональных и внешнеэкономических связей;9
Развитие внешнеэкономических связей;9
Развитие межрегионального сотрудничества;9
IX. Пространственное социально-экономическое развитие территории республики;10
Таблица 5;-1
IX.I. Сведения о кадровом обеспечении экономики Республики Алтай;11
X. Организация реализации Стратегии;-1
10.1. Механизмы реализации Стратегии;-1
10.2. Сроки и этапы реализации Стратегии;14
10.3. Инструменты реализации Стратегии;-1
10.4. Система управления и мониторинга реализации Стратегии;-1
10.5. Ресурсное обеспечение Стратегии;13
Приложение N 1. АНАЛИЗ СОЦИАЛЬНО-ЭКОНОМИЧЕСКОГО РАЗВИТИЯ РЕСПУБЛИКИ АЛТАЙ;-1
Характеристика места и значения Республики Алтай в Российской Федерации;-1
Характеристика базовых и стратегических отраслей экономики;-1
Оценка совокупного потенциала Республики Алтай;-1
Приложение N 2. КОНКУРЕНТНЫЕ ПРЕИМУЩЕСТВА, УГРОЗЫ И ВОЗМОЖНОСТИ РАЗВИТИЯ;-1
1.1. Основные вызовы (риски) для Республики Алтай на долгосрочную перспективу (PEST-анализ внешних факторов развития республики);-1
1.2. Возможности социально-экономического развития Республики Алтай;-1
Итоговый SWOT-анализе сильные и слабые стороны, возможности и угрозы развитию Республики Алтай;-1
Приложение N 3. ОСНОВНЫЕ ПРОГНОЗНЫЕ ХАРАКТЕРИСТИКИ КОНСОЛИДИРОВАННОГО БЮДЖЕТА РЕСПУБЛИКИ АЛТАЙ И РЕСПУБЛИКАНСКОГО БЮДЖЕТА РЕСПУБЛИКИ АЛТАЙ;-1
Консолидированный бюджет Республики Алтай;-1
Республиканский бюджет Республики Алтай;-1
Приложение N 4. ПОКАЗАТЕЛИ ФИНАНСОВОГО ОБЕСПЕЧЕНИЯ ГОСУДАРСТВЕННЫХ ПРОГРАММ РЕСПУБЛИКИ АЛТАЙ ЗА СЧЕТ СРЕДСТВ РЕСПУБЛИКАНСКОГО БЮДЖЕТА РЕСПУБЛИКИ АЛТАЙ <*>;18
Приложение N 5. ДИНАМИКА ПОКАЗАТЕЛЕЙ РЕАЛИЗАЦИИ СТРАТЕГИИ СОЦИАЛЬНО-ЭКОНОМИЧЕСКОГО РАЗВИТИЯ РЕСПУБЛИКИ АЛТАЙ НА ПЕРИОД ДО 2035 ГОДА;15
Саморазвитие и достижение современных стандартов жизни;-1
Улучшение демографической ситуации и увеличение численности населения региона;-1
Повышение уровня и качества жизни граждан, нуждающихся в социальной поддержке, снижение социального неравенства и содействие занятости населения;-1
Повышение доступности качественного образования, соответствующего требованиям инновационного развития экономики и современным потребностям общества;-1
Повышение эффективности использования человеческих ресурсов и обеспечение поддержания баланса на рынке труда;-1
Повышение доступности, качества и эффективности медицинской помощи населению Республики Алтай;-1
Развитие культуры и сохранение историко-культурного наследия;-1
Повышение уровня физической культуры населения и степени доступности услуг индустрии здорового образа жизни;-1
Совершенствование правовых, социально-экономических и организационных условий для успешной самореализации молодежи, направленной на раскрытие ее потенциала для дальнейшего развития Республики Алтай, а также содействие успешной интеграции молодежи в общество и повышению ее роли в жизни региона и страны;-1
Создание в регионе безопасных условий для проживания граждан и функционирования инфраструктуры;-1
Повышение конкурентоспособности сельского хозяйства и пищевой промышленности;-1
Повышение конкурентоспособности туристского рынка Республики Алтай, удовлетворяющего потребностям российских и иностранных граждан в качественных туристских услугах;-1
Обеспечение развития субъектов малого и среднего предпринимательства в Республике Алтай;-1
Развитие и модернизация инфраструктуры;-1
Создание условий для системного повышения качества и комфорта городской среды на территории Республики Алтай;-1
Обеспечение свободного доступа граждан и организаций, исполнительных органов государственной власти Республики Алтай, органов местного самоуправления к информации на всех этапах ее создания и распространения;-1
Снижение зависимости консолидированного бюджета Республики Алтай от федеральной финансовой помощи и формирование основных центров управления и получения доходов бюджета на территории региона;-1
Активизация научно-инновационной деятельности во всех сферах экономики региона;-1
Обеспечение потребности населения в природных ресурсах, сохранение экологического баланса и благоприятной окружающей среды;-1
Развитие экспортного потенциала региона, увеличение торгового оборота с регионами Российской Федерации, привлечение туристов из других субъектов Российской Федерации, развитие гуманитарного и культурного сотрудничества между регионами;-1
Своевременное обеспечение квалифицированными кадрами, соответствующими требованиям инновационного сценария развития экономики Республики Алтай;-1
