1. Стратегия социально-экономического развития Белгородской области как инструмент региональной политики;-1
1.1. Макроэкономические и макросоциальные ориентиры стратегического развития регионов;-1
1.2. Ключевые риски развития региона;-1
1.3. Стартовые условия развития Белгородской области;-1
1.4. Методологические подходы к разработке стратегии регионального развития;-1
2. Оценка конкурентных преимуществ и выявление проблем экономического и социального развития Белгородской области;-1
2.1. Анализ экономического потенциала региона;-1
2.1.1. Промышленный потенциал;-1
2.1.2. Сельскохозяйственный потенциал;-1
2.1.3. Потенциал малого предпринимательства;-1
2.1.4. Инвестиционный потенциал;-1
2.1.5. Инновационный потенциал;-1
2.1.6. Туристско-рекреационный потенциал;-1
2.2. Внешнеэкономическая деятельность и межрегиональные связи;9
2.2.1. Внешнеэкономическая деятельность;9
2.2.2. Межрегиональные связи;9
2.3. Социальный вектор;-1
2.3.1. Качество жизни населения;-1
2.3.2. Демографическая ситуация;-1
2.3.3. Развитие образования;-1
2.3.4. Развитие здравоохранения,;-1
2.3.5. Социальная защита населения;-1
2.3.6. Развитие культуры, молодежная политика;-1
2.3.7. Трудовой потенциал;-1
2.3.8. Жилищная политика и жилищно-коммунальное хозяйство;-1
2.3.9. Уровень жизни населения;-1
2.3.10. Экологическая ситуация в области;-1
2.4. Построение профиля социально-экономического развития Белгородской области;-1
3. Выбор приоритетов социально-экономического развития Белгородской области;3
3.1. Стратегический (SWOT) анализ социально-экономического развития Белгородской области;-1
3.2. Целевые ориентиры, стратегические направления и задачи;3
3.3. Основные принципы политики регионального развития;-1
4. Разработка и выбор сценариев перехода к инновационному социально ориентированному типу развития Белгородской области в долгосрочной перспективе;4
4.1. Сценарные условия социально-экономического развития Белгородской области в долгосрочной перспективе. Выбор целевого сценария развития;4
4.2. Анализ сценариев социально-экономического развития Белгородской области с точки зрения обеспечения инновационного социально ориентированного развития региона;4
"4.3. Инвестиционная стратегия Белгородской области ""Инвестиции в будущее""";-1
4.4. Экспортная стратегия Белгородской области;-1
5. Формирование зон опережающего развития и территориальных кластеров;-1
5.1. Развитие инфраструктуры, обеспечивающей формирование и функционирование потенциальных зон опережающего развития и территориальных кластеров;-1
5.2. Горно-металлургический кластер;-1
"5.3. Зона опережающего развития ""Агропромышленный комплекс""";-1
5.3.1. Кластер по развитию птицеводства;-1
5.3.2. Кластер по развитию свиноводства;-1
5.3.3. Кластер по развитию молочного животноводства;-1
5.4. Строительный кластер;-1
"5.5. Зона опережающего развития ""Машиностроительный комплекс""";-1
5.6. Инновационная система региона;-1
5.7. Биофармацевтический кластер;-1
5.8. Кластер информационных технологий;-1
5.9. Транспортно-логистический кластер;-1
5.10. Туристско-рекреационный кластер;-1
5.11. Создание многокомпонентного социального кластера как основы развития человеческого потенциала;-1
5.11.1. Кластерный подход к развитию человеческого потенциала;-1
5.11.2. Перспективные направления демографической политики;-1
5.11.3. Перспективы развития системы образования;-1
5.11.4. Улучшение здоровья населения, перспективные;-1
5.11.5. Приоритетные направления развития;-1
5.11.6. Повышение уровня жизни и социальная защита населения;-1
5.11.7. Приоритетные направления сохранения;-1
5.11.8. Приоритетные направления развития;-1
5.11.9. Развитие рынка труда и эффективное;-1
5.11.10. Создание условий для безопасной;-1
5.12. Развитие малого и среднего предпринимательства;-1
5.13. Развитие потребительского рынка;-1
5.14. Диверсификация экономики как результат развития территориальных кластеров и зон опережающего развития;-1
6. Пространственное развитие;10
6.1. Приоритеты пространственного развития Белгородской области;-1
6.2. Система расселения на территории Белгородской области: характеристика и перспективы развития;-1
6.3. Экономические и социальные особенности развития муниципальных образований области;-1
6.4. Устойчивое развитие сельских территорий;-1
"6.5. Территория опережающего развития ""Губкин""";-1
7. Институциональные условия реализации стратегии;-1
7.1. Совершенствование системы государственного и муниципального управления в Белгородской области;-1
7.1.1. Потенциал системы государственного и муниципального управления;-1
7.1.2. Развитие системы государственного и муниципального управления в Белгородской области;-1
7.2. Формирование регионального солидарного общества;-1
8. Механизм и этапы реализации стратегии;14
8.1. Механизм реализации Стратегии;-1
8.2. Этапы реализации Стратегии развития области;14
9. Результаты реализации стратегии социально-экономического развития Белгородской области на период до 2025 года;16
9.1. Белгородская область в 2025 году;-1
9.2. Основные индикаторы реализации Стратегии развития области;-1
I. Обеспечение конкурентоспособности экономики региона за счет перехода к инновационному социально ориентированному типу развития в условиях глобализации российской экономики;-1
II. Становление благоприятной социальной среды и создание условий для эффективной реализации человеческого потенциала и обеспечения качества жизни населения на основе динамичного развития экономики региона;-1
III. Формирование институциональной среды, индуцирующей инновационную активность и привлечение капитала в экономику и социальную сферу;-1
"Приложение N 1. План основных мероприятий, направленных на достижение целей Инвестиционной стратегии Белгородской области ""Инвестиции в будущее""";-1
Приложение N 2. Перечень приоритетных инвестиционных проектов и программ, реализуемых и планируемых к реализации на территории Белгородской области в 2014 - 2025 годах;17
Приложение N 3. Перечень реализуемых государственных программ Белгородской области;18
"Приложение N 1. План основных мероприятий, направленных на достижение целей Инвестиционной стратегии Белгородской области ""Инвестиции в будущее""";-1
1. Развитие институциональных условий ведения инвестиционной и предпринимательской деятельности, сокращение административных барьеров, повышение информационной открытости органов власти;-1
2. Развитие инфраструктуры по поддержке инвесторов, повышение качества и доступности инженерной, транспортной и социальной инфраструктуры;-1
3. Совершенствование системы государственной поддержки инвестиционной и предпринимательской деятельности;-1
4. Развитие инновационных, импортозамещающих и экспортоориентированных производств, стимулирование спроса на продукцию создаваемых инвесторами производств, повышение производительности труда;-1
5. Развитие механизмов государственно-частного партнерства;-1
6. Совершенствование рынка труда и системы подготовки и переподготовки высококвалифицированных кадров;-1
Приложение N 2. Перечень приоритетных инвестиционных проектов и программ, реализуемых и планируемых к реализации на территории Белгородской области в 2018 - 2025 годах;17
Инфраструктура;-1
Горно-металлургический кластер;-1
"Зона опережающего развития ""Агропромышленный комплекс""";-1
Кластер по развитию свиноводства;-1
Кластер по развитию птицеводства;-1
Кластер по развитию молочного животноводства;-1
Производство овощей защищенного грунта;-1
Садоводство;-1
Прочие агропромышленные производства;-1
Строительный кластер;-1
"Зона опережающего развития ""Машиностроительный комплекс""";-1
Биофармацевтический кластер;-1
Туристско-рекреационный кластер;-1
Прочие виды деятельности;-1
Приложение N 4. Перечень реализуемых государственных программ Белгородской области;18
Приложение N 5. Перспективная экономическая специализация Белгородской области;-1
