1. Общие положения;1
2. Стратегический анализ социально-экономического развития Волгоградской области;-1
2.1. Краткий обзор результатов реализации Стратегии социально-экономического развития Волгоградской области до 2025 года;2
2.2. Общая характеристика уровня развития Волгоградской области;-1
2.3. Развитие человеческого капитала;-1
2.4. Уровень экономического развития;-1
2.5. Инфраструктура и природные ресурсы;-1
3. Целевой сценарий социально-экономического развития Волгоградской области, сроки и этапы реализации Стратегии;4
3.1. Целевой сценарий социально-экономического развития Волгоградской области;4
3.2. Сроки и этапы реализации Стратегии;14
4. Приоритеты, цели и задачи социально-экономического развития Волгоградской области;3
5. Основные направления развития человеческого капитала и социальной сферы Волгоградской области;5
5.1. Население, социальное обслуживание и здоровый образ жизни;-1
5.2. Здравоохранение;-1
5.3. Образование и молодежная политика;-1
5.4. Строительство, жилищная политика и городская среда;-1
5.5. Культура;-1
5.6. Обеспечение безопасности жизнедеятельности;-1
5.6.1. Обеспечение общественной безопасности и профилактика правонарушений;-1
5.6.2. Обеспечение готовности к чрезвычайным ситуациям природного и техногенного характера;-1
6. Основные направления экономического развития Волгоградской области;6
6.1. Агропромышленный комплекс;-1
6.1.1. Комплексное развитие сельских территорий;-1
6.2. Новая индустриализация, наукоемкое и инновационное производство;-1
6.2.1. Экосистема инноваций, научная деятельность и развитие научно-инновационной сферы;-1
6.2.2. Промышленность;-1
6.3. Инвестиционное развитие;-1
6.4. Малое и среднее предпринимательство;-1
6.5. Туризм;-1
6.6. Цифровое развитие;-1
6.7. Международная кооперация и экспорт (экспортная стратегия);-1
7. Основные направления пространственного развития Волгоградской области;10
7.1. Территориально-пространственное развитие;-1
7.2. Моногорода;-1
Городской округ г. Михайловка;-1
Городской округ г. Фролово;-1
7.3. Транспортная инфраструктура;-1
7.4. Инженерная инфраструктура и энергетика;-1
8. Основные направления рационального природопользования и обеспечения экологической безопасности Волгоградской области;8
9. Основные направления развития в сфере гражданского общества, государственного и муниципального управления;-1
9.1. Гражданское общество;-1
9.2. Государственное и муниципальное управление;-1
9.3. Государственная национальная политика;-1
10. Кадровое обеспечение экономики Волгоградской области;11
10.1. Текущее состояние кадрового обеспечения экономики Волгоградской области;11
10.2. Перспективная потребность в кадровом обеспечении, оценка дефицита (избытка) собственных трудовых ресурсов;11
10.3. Мероприятия, направленные на развитие кадрового потенциала и ликвидацию дефицита кадров;11
11. Заключительная часть;12
11.1. Ожидаемые результаты реализации Стратегии;16
11.2. Оценка финансовых ресурсов, необходимых для реализации Стратегии;13
11.3. Механизмы реализации Стратегии;14
11.4. Риски реализации Стратегии и способы их минимизации;-1
Приложение 1. ПРОГНОЗ КЛЮЧЕВЫХ ПОКАЗАТЕЛЕЙ СОЦИАЛЬНО-ЭКОНОМИЧЕСКОГО РАЗВИТИЯ ВОЛГОГРАДСКОЙ ОБЛАСТИ ДО 2030 ГОДА ПРИ РАЗЛИЧНЫХ СЦЕНАРИЯХ;15
Приложение 2. ПРИОРИТЕТЫ, ЦЕЛИ И ЗАДАЧИ, ЦЕЛЕВЫЕ ПОКАЗАТЕЛИ, ПОКАЗАТЕЛИ ЗАДАЧ СОЦИАЛЬНО-ЭКОНОМИЧЕСКОГО РАЗВИТИЯ ВОЛГОГРАДСКОЙ ОБЛАСТИ;3
"Приоритет ""Население, социальное обслуживание и здоровый образ жизни""";-1
"Приоритет ""Здравоохранение""";-1
"Приоритет ""Образование и молодежная политика""";-1
"Приоритет ""Строительство, жилищная политика и городская среда""";-1
"Приоритет ""Культура""";-1
"Приоритет ""Обеспечение безопасности жизнедеятельности""";-1
Обеспечение общественной безопасности и профилактика правонарушений;-1
Обеспечение готовности к чрезвычайным ситуациям природного и техногенного характера;-1
"Приоритет ""Агропромышленный комплекс""";-1
Комплексное развитие сельских территорий;-1
"Приоритет ""Новая индустриализация, наукоемкое и инновационное производство""";-1
Экосистема инноваций, научная деятельность и развитие научно-инновационной сферы;-1
Промышленность;-1
"Приоритет ""Инвестиционное развитие""";-1
"Приоритет ""Малое и среднее предпринимательство""";-1
"Приоритет ""Туризм""";-1
"Приоритет ""Цифровое развитие""";-1
"Приоритет ""Международная кооперация и экспорт"" (Экспортная стратегия)";-1
"Приоритет ""Территориально-пространственное развитие""";-1
"Приоритет ""Транспортная инфраструктура""";-1
"Приоритет ""Инженерная инфраструктура и энергетика""";-1
"Приоритет ""Рациональное природопользование и обеспечение экологической безопасности""";-1
"Приоритет ""Гражданское общество""";-1
"Приоритет ""Государственное и муниципальное управление""";-1
"Приоритет ""Государственная национальная политика""";-1
Приложение 3. ПРОГНОЗНАЯ ЧИСЛЕННОСТЬ ЗАНЯТЫХ В ЭКОНОМИКЕ ПО ВИДАМ ЭКОНОМИЧЕСКОЙ ДЕЯТЕЛЬНОСТИ;-1
Приложение 4. ВНУТРИРЕГИОНАЛЬНЫЕ РАЗЛИЧИЯ В ЭКОНОМИЧЕСКОМ РАЗВИТИИ И СПЕЦИАЛИЗАЦИИ МУНИЦИПАЛЬНЫХ ОБРАЗОВАНИЙ ВОЛГОГРАДСКОЙ ОБЛАСТИ;-1
Обоснование состава, территориальной привязки и отраслевой специализации муниципальных образований Волгоградской области;-1
Специализация городских округов Волгоградской области;-1
Специализация муниципальных районов Волгоградской области;-1
Зонирование территории Волгоградской области по общности экономической специализации и стратегическим приоритетам, создание кластеров внутри зон;-1
Состав центров (точек) роста Волгоградской области;-1
Группировка муниципальных образований Волгоградской области;-1
Приложение 5. КАРТОГРАФИЧЕСКИЕ МАТЕРИАЛЫ, ОТРАЖАЮЩИЕ ТЕРРИТОРИАЛЬНОЕ РАЗВИТИЕ ВОЛГОГРАДСКОЙ ОБЛАСТИ;-1
Приложение 6. ПЕРЕЧЕНЬ ГОСУДАРСТВЕННЫХ ПРОГРАММ ВОЛГОГРАДСКОЙ ОБЛАСТИ, ОБЕСПЕЧИВАЮЩИХ РЕАЛИЗАЦИЮ СТРАТЕГИИ, ДЕЙСТВУЮЩИХ ИЛИ ПЛАНИРУЕМЫХ К УТВЕРЖДЕНИЮ В СООТВЕТСТВИИ С РЕШЕНИЯМИ ВЫСШЕГО ИСПОЛНИТЕЛЬНОГО ОРГАНА ГОСУДАРСТВЕННОЙ ВЛАСТИ ВОЛГОГРАДСКОЙ ОБЛАСТИ;18
