1. Основные факторы, определяющие развитие Республики Мордовия до 2025 года
1.1. Основные тенденции, характеризующие социальную и экономическую ситуацию в Республике Мордовия
1.1.1 Закрепление экономической специализации индустриально-аграрного типа
1.1.2 Тенденции, оказывающие благоприятное воздействие на развитие региона
1.1.2.1 Достижение высоких темпов экономического роста
1.1.2.2 Реализация политики по привлечению инвестиций, развитию инновационной деятельности и малого бизнеса.
1.1.2.3 Сохранение высокого уровня развития транспортной инфраструктуры и высокий уровень газификации территории
1.1.2.4 Сохранение высокого уровня обеспеченности населения социальной инфраструктурой и жильем
1.1.3 Тенденции, оказывающие негативное воздействие на развитие региона
1.1.3.1 Снижение численности населения
1.1.3.2 Сохранение низкого уровня жизни населения
1.1.3.3 Недостаточность собственной электрогенерации
1.1.3.4 Сохранение высокого уровня дотационности регионального бюджета
1.2 Основные макроэкономические тенденции, определяющие развитие Республики Мордовия на долгосрочную перспективу
1.2.1 Рост российской экономики
1.2.2 Повышение открытости рынка Российской Федерации
1.2.3 Корпоративное развитие отраслей российской экономики
1.2.4 Изменение структуры рынка некоторых базовых секторов региона
1.2.5 Пространственная организация РФ и ПФО
1.2.6 Изменения в системе государственного управления РФ
1.2.7 Основные возможности и риски, связанные с внешними тенденциями
2. Сценарии социально-экономического развития Республики Мордовия
2.1. Сценарий 1: Капитализация активов и рыночная реструктуризация <16>
2.1.1 Основные направления развития в рамках реализации сценария
2.1.2 Риски реализации базового сценария
"2.2. Сценарий 2 ""Локальное технологическое лидерство"""
2.2.1 Основные направления развития сценария
2.2.2. Основные риски реализации сценария
"2.3. Сценарий 3: ""Смена специализации"""
3. Приоритетные направления Республики Мордовия
3.1 Цели и задачи развития Республики Мордовия
3.2. Приоритетные направления экономического, социального и пространственного развития Республики Мордовия
3.2.1 Развитие базовых секторов специализации региона и формирование условий для появления новых секторов
3.2.1.1 Развитие базовых секторов специализации региона
3.2.1.2 Повышение инвестиционной привлекательности территории
3.2.2 Реформирование рынка труда
3.2.2.1 Реформирование системы профессионального образования
3.2.2.2 Реформирование институтов, регулирующих ситуацию на рынке труда
3.2.2.3 Реформирование рабочих мест
3.2.3 Развитие пространственной организации региона
3.2.3.1 Развитие городской среды г. Саранск
3.2.3.2 Формирование нового опорного каркаса системы расселения
3.2.3.3 Поддержка местных инициатив
3.2.3.4. Территории опережающего социально-экономического развития
3.2.4 Сохранение демографического и социального капитала Республики Мордовия
3.2.4.1 Реализация активной демографической политики в регионе
3.2.4.2 Повышение уровня социального обслуживания населения
3.2.4.3 Улучшение условий проживания населения
4. Механизмы реализации стратегии
4.1. Реализация среднесрочной программы социально-экономического развития, а также республиканских целевых программ
4.1.1 Реализация среднесрочной программы социально-экономического развития
4.1.2 Совершенствование механизма разработки и реализации республиканских целевых программ
4.2. Развитие системы поддержки реализации стратегических направлений развития региона и перспективных инвестиционных проектов
4.2.1 Развитие частно-государственного партнерства
4.2.2 Повышение эффективности предоставления финансовой поддержки предприятиям республики
4.3. Повышение качества бюджетного управления
4.4. Создание финансовых стимулов для развития муниципальных образований
5. Этапы и показатели реализации стратегии
5.1. Этапы реализации стратегии
5.2. Ожидаемые результаты
6. Приложения
6.1. Демографические показатели Республики Мордовия (прогноз Росстата)
Численность населения регионов Приволжского федерального округа
Коэффициенты рождаемости, смертности и естественной
Коэффициент демографической нагрузки
6.2 Тенденции развития ключевых для Республики Мордовия рынков
АПК
Производство электрооборудования, электрического и оптического оборудования
Индустрия строительных материалов
Производство транспортных средств и оборудования
Фармацевтика
6.3. Оценка перспектив формирования кластеров в различных секторах экономики Республики Мордовия
6.4. Оценка условий для формирования технопарка, имеющего федеральное значение
6.5. Торговые сети
6.6. Функции, ресурсы и показатели работы ресурсных центров
6.7. Оценка эффективности программ
6.8. Система мониторинга реализации стратегии
1. Система мониторинга индикаторов реализации
Развитие базовых секторов специализации региона и формирование условий для появления новых секторов
Реформирование рынка труда и рынка образовательных услуг
Развитие пространственной организации региона
Сохранение демографического и социального капитала
2. Перечень индикаторов для мониторинга
Развитие базовых секторов специализации региона и формирование условий для появления новых секторов
Реформирование рынка труда и рынка образовательных услуг
Развитие пространственной организации региона
Сохранение демографического и социального капитала
3. Перечень индикаторов для мониторинга
Развитие базовых секторов специализации региона и формирование условий для появления новых секторов
Реформирование рынка труда и рынка образовательных услуг
Развитие пространственной организации региона
Сохранение демографического и социального капитала
