ОПРЕДЕЛЕНИЯ, ОБОЗНАЧЕНИЯ И СОКРАЩЕНИЯ
1. Общие положения
1.1. Чеченская Республика на современном этапе развития
1.2. Анализ территориального развития
2. Приоритеты, этапы и сценарии развития региона
2.1. Стратегические цели, задачи, направления
2.2. Этапы реализации, сценарии развития, результаты
3. Развитие человеческого капитала и социальной сферы
3.1. Демографическая и миграционная политика
3.2. Уровень и качество жизни
3.3. Здравоохранение (приоритетный социальный сектор)
3.4. Образование (приоритетный социальный сектор)
3.5. Рынок труда и занятость
3.6. Социальное обслуживание
3.7. Работа с молодежью
3.8. Физическая культура и спорт
3.9. Культура
3.10. Научная деятельность
3.11. Безопасность
3.12. Государственная национальная политика
4. Конкурентоспособная экономика
4.1. Приоритетные сектора экономики
4.2. Агропромышленный комплекс (приоритетный отраслевой сектор)
4.3. Туризм (приоритетный отраслевой сектор)
4.4. Цифровая экономика (приоритетный отраслевой сектор)
4.5. Промышленность (Производство строительных материалов (приоритетный отраслевой сектор)
4.6. Развитие торговли
4.7. Инновации
4.8. Интернационализация: внешнеэкономическая деятельность, улучшение инвестиционного климата и привлечение внешних инвестиций
5. Рациональное природопользование и обеспечение экологической безопасности
5.1. Природно-ресурсный потенциал
5.2. Экологическая безопасность, адаптация отраслей экономики и социальной сферы к изменениям климата
6. Основные направления пространственного развития
6.1. Городское развитие
6.2. Развитие сельских территорий
7. Инфраструктура и строительство
7.1. Транспортно-логистический комплекс (приоритетный инфраструктурный сектор)
7.2. Дорожная инфраструктура
7.3. Энергетическая и коммунальная инфраструктура
7.4. Строительство (приоритетный сектор)
8. Бюджетная и налоговая политика
9. Финансово-организационный механизм реализации Стратегии
9.1. Механизмы реализации Стратегии на уровне Правительства Чеченской Республики
9.2. Механизмы реализации Стратегии на уровне институтов развития
9.3. Оценка финансовых ресурсов
9.4. Коммуникационная стратегия
10. Заключение
Приложение А. ИНФОРМАЦИЯ О ГОСУДАРСТВЕННЫХ ПРОГРАММАХ ЧЕЧЕНСКОЙ РЕСПУБЛИКИ, УТВЕРЖДАЕМЫХ И РЕАЛИЗУЕМЫХ В ЦЕЛЯХ ОБЕСПЕЧЕНИЯ РЕАЛИЗАЦИИ СТРАТЕГИИ СОЦИАЛЬНО-ЭКОНОМИЧЕСКОГО РАЗВИТИЯ ЧЕЧЕНСКОЙ РЕСПУБЛИКИ
Таблица 1. Перечень государственных программ
Приложение Б. ДОКУМЕНТЫ СТРАТЕГИЧЕСКОГО ПЛАНИРОВАНИЯ РОССИЙСКОЙ ФЕДЕРАЦИИ И ДРУГИЕ ДОКУМЕНТЫ ФЕДЕРАЛЬНОГО УРОВНЯ, УЧТЕННЫЕ ПРИ РАЗРАБОТКЕ СТРАТЕГИИ СОЦИАЛЬНО-ЭКОНОМИЧЕСКОГО РАЗВИТИЯ ЧЕЧЕНСКОЙ РЕСПУБЛИКИ
Приложение В. ПРОГНОЗНЫЕ ПОКАЗАТЕЛИ И ДОПОЛНИТЕЛЬНАЯ ИНФОРМАЦИЯ К СТРАТЕГИИ СОЦИАЛЬНО-ЭКОНОМИЧЕСКОГО РАЗВИТИЯ ЧЕЧЕНСКОЙ РЕСПУБЛИКИ
Таблица 2. Перечень объектов стационарных и нестационарных
Таблица 3. Кадровое обеспечение Стратегии
Таблица 4. Запланированные мероприятия
Таблица 5. Общие объемы использования лесов
Таблица 6. Прогноз основных показателей консолидированного
Таблица 7. Целевые показатели реализации Стратегии
Таблица 8. Текущая и целевая структура
Таблица 9. Прогноз состояния экономики Чеченской Республики
Приложение Г. PEST(E)- И SWOT-АНАЛИЗ ЧЕЧЕНСКОЙ РЕСПУБЛИКИ
PEST(E)-анализ Чеченской Республики
SWOT-анализ факторов, влияющих на социально-экономическое развитие Чеченской Республики
